nickname,food
prof,Chicken
prof,삼겹살
Gregor,김치볶음밥
Gregor,샤브샤브
hcseo,Chicken
nzn,마라탕
nzn,chicken
student_23,마라탕
student_23,회
gamza,chicken
hyons,포케
hyons,김치찌개
sissela,Chicken
gu,Chicken
gu,삼겹살
YDHyeop,Chicken
jhoon5024,순대
기니,Sushi
기니,떡볶이
cat,Meat
cat,소금빵
ild,Chicken
ild,Pizza
ild,Pasta
haha,떡볶이
kthgiraffe,Chicken
just do it,Chicken
just do it,Steak
ksmini,pizza
jid,Chicken
진주,마라샹궈
진주,Sushi
천상천하유아독존,Chicken
haruki,Chicken
prof,회
yunu,Chicken
yunu,삼겹살
yole,???
meat,Meat
prof,Burger
nevergiveup,chicken
nevergiveup,steak
coolkid,가리비구이
yole,회
푸짐이,Meat
int,Chicken
int,Pizza
int,마라샹궈
chimchakman,생선구이
2171,Chicken
stu,마라탕
stu,회
hck,삼겹살
hck,Icecream
damee,Pizza
hmm,Chicken
hmm,한식
DBeaver\'s Friend,Meat
DBeaver\'s Friend,Brocoli
keephun,찜닭
keephun,삼겹살
keephun,참치
apt,장어덮밥
apt,Sushi
pol,Chicken
podkeke,마라탕
podkeke,갈비탕
carl,Schnitzel
matt,Pizza
John Doe,Meat
John Doe,Sushi
yongs,Buritto
tsmu,짜장면
dulgi,pizza
dulgi,Sushi
willow,Chicken
willow,떡볶이
burtsbee,Sushi
burtsbee,Chicken
ksw,김치찜
ksw,Chicken
집도리,Chicken
집도리,삼겹살
hihi,Chicken
hihi,삼겹살
Symonds,Chicken
Symonds,Pizza
Symonds,Sushi
Symonds,Meat
저녁햄버거,Burger
저녁햄버거,Chicken
MA,Pizza
MA,Chicken
churaly,떡볶이
churaly,막창
oui,Lasagna
oui,Pasta
lccert,Chicken
des,Chicken
pdap,김치찌개
ssan,Chicken
ssan,Burger
fischbrotchenlover,Sushi
fischbrotchenlover,chicken
Um,Burger
dogo,라면
dogo,Curry
tgds03,Pizza
tgds03,Pasta
tgds03,Burger
0o0,Chicken
El Patrón,Burrito
0000,돈가스
0000,삼겹살
금이,Chicken
금이,라면
HAPPY,Chicken
vimisbesteditor,Pasta
vimisbesteditor,삼겹살
vimisbesteditor,샤브샤브
HAPPY,막창
yoon,삼겹살
잼롸잍,Chicken
잼롸잍,pizza
Rezulu,Chicken
Rezulu,Sushi
maeng,Chicken
maeng,라면
hebi,chicken
hebi,Meat
hey,Blueberry
snine990,삼겹살
snine990,pizza
kjh,Chicken
kjh,제육볶음
kjh,돈가스
kjh,리조또
tls,볶음밥
tls,Burger
Iphone,Burger
Iphone,Chicken
Iphone,육회
Iphone,낙곱새
Iphone,물회
jelly,떡볶이
jelly,Chicken
섭이,Chicken
섭이,삼겹살
명이,Chicken
명이,Burger
명이,Pizza
jeju,연어
jeju,육회
HAPPY,김치
Apple,김치
baebulru,유부초밥
baebulru,제육볶음
