nickname,lang
prof,C++
prof,Java
prof,C
haha,C++
ksmini,Python
just do it,Java
just do it,python
stu,python
stu,C
hcseo,C
hcseo,Python
yole,JavaScript
YDHyeop,C
YDHyeop,C++
Gregor,SQL
Gregor,C++
prof,python
기니,C
jid,python
haruki,python
nzn,python
student_23,C
student_23,python
sissela,python
gamza,python
gamza,c
int,Java
int,python
jhoon5024,Kotlin
hyons,C++
hyons,python
gu,C
gu,python
cat,Python
cat,C#
ild,C++
ild,Python
ild,Scala
kthgiraffe,Python
nevergiveup,c
nevergiveup,Java
진주,c
진주,Java
천상천하유아독존,JavaScript
coolkid,Java
yunu,C++
yunu,Java
meat,Java
chimchakman,python
2171,C
hck,Java
푸짐이,C
damee,Java
DBeaver\'s Friend,C
DBeaver\'s Friend,Python
hmm,C
hmm,C++
keephun,Java
keephun,Spring
keephun,MySQL
apt,C
apt,python
pol,C
podkeke,Java
podkeke,python
carl,Java
carl,Typescript
matt,C
matt,C#
John Doe,python
John Doe,C++
yongs,C
yongs,misc.
HAPPY,C
pdap,C++
pdap,Python
tsmu,javascript
dulgi,C++
dulgi,python
willow,C++
willow,python
MA,C#
burtsbee,Java
ksw,python
ksw,Java
집도리,C++
집도리,Python
Symonds,Python
Symonds,Javascript
Symonds,C++
저녁햄버거,Python
저녁햄버거,C
churaly,C
oui,python
oui,Java
lccert,Python
des,C
des,python
ponaidhean,C++
ponaidhean,C
ssan,C++
ssan,Java
fischbrotchenlover,Java
fischbrotchenlover,python
hihi,C++
hihi,python
Um,C#
dogo,python
dogo,C
tgds03,C++
tgds03,python
tgds03,C#
0o0,Python
0o0,Java
El Patrón,C++
금이,C++
금이,C
maeng,python
maeng,C
잼롸잍,Java
vimisbesteditor,python
vimisbesteditor,C#
vimisbesteditor,Kotlin
yoon,C
Rezulu,Python
Rezulu,Java
hebi,C++
hebi,python
hey,C
hey,python
명이,C++
명이,Java
snine990,misc.
kjh,C++
kjh,Rust
kjh,Python
tls,C++
tls,C
대효기,Java
Iphone,Python
Iphone,C
Iphone,Java
jelly,Python
jelly,C
섭이,C++
섭이,Java
jeju,C++
jeju,python
HAPPY,Python
Apple,Python
baebulru,C
baebulru,Java
