Test Case,Result,Difference Count
c1.txt,Failed,5
c2.txt,Failed,5
c3.txt,Failed,5
c4.txt,Failed,5
c5.txt,Failed,5
c6.txt,Failed,5
c7.txt,Failed,5
c8.txt,Failed,5
c9.txt,Failed,5
c10.txt,Failed,5
c11.txt,Failed,5
c12.txt,Failed,5
c13.txt,Failed,5
c14.txt,Failed,5
c15.txt,Failed,5
c16.txt,Failed,5
c17.txt,Failed,5
c18.txt,Failed,5
c19.txt,Failed,5
c20.txt,Failed,5
c21.txt,Failed,5
c22.txt,Failed,5
c23.txt,Failed,5
c24.txt,Failed,5
c25.txt,Failed,5
c26.txt,Failed,5
c27.txt,Failed,5
c28.txt,Failed,5
c29.txt,Failed,5
c30.txt,Failed,5
c31.txt,Failed,5
c32.txt,Failed,5
c33.txt,Failed,5
c34.txt,Failed,5
c35.txt,Failed,5
c36.txt,Failed,5
c37.txt,Failed,5
c38.txt,Failed,5
c39.txt,Failed,5
c40.txt,Failed,5
c41.txt,Failed,5
c42.txt,Failed,5
c43.txt,Failed,5
c44.txt,Failed,5
c45.txt,Failed,5
c46.txt,Failed,5
c47.txt,Failed,5
c48.txt,Failed,5
c49.txt,Failed,5
c50.txt,Failed,5
c51.txt,Failed,5
c52.txt,Failed,5
c53.txt,Failed,5
c54.txt,Failed,5
c55.txt,Failed,5
c56.txt,Failed,5
c57.txt,Failed,5
c58.txt,Failed,5
c59.txt,Failed,5
c60.txt,Failed,5
c61.txt,Failed,5
c62.txt,Failed,5
c63.txt,Failed,5
c64.txt,Failed,5
c65.txt,Failed,5
c66.txt,Failed,5
c67.txt,Failed,5
c68.txt,Failed,5
c69.txt,Failed,5
c70.txt,Failed,5
c71.txt,Failed,5
c72.txt,Failed,5
c73.txt,Failed,5
c74.txt,Failed,5
