nickname,section
pdap,002
경북대_렌치돌리개,002
Um,002
knumal,003
NothingBlack,002
tgds03,002
ssan,002
glory,002
쾌변의화신,003
willow,002
jid,003
천상천하유아독존,003
claude,002
Apple,003
햄부기,003
seongjin,003
fischbrotchenlover,002
tls,002
keephun,003
thunther,002
2171,003
HAPPY,002
Gregor,003
hihi,002
ksmini,003
ponaidhean,002
kthgiraffe,003
hey,002
student,003
이쁘니,003
yole,003
just do it,003
저녁햄버거,002
des,002
hyons,003
dogo,002
헤이원,002
lccert,002
ild,003
tsmu,002
ksw,002
집도리,002
yunu,003
대효기,002
잼롸잍,002
maeng,002
명이,002
Haruki,003
meat,003
금이,002
섭이,002
hck,003
페이,002
yongs,002
kjh,002
pol,003
vimisbesteditor,002
jun,003
zro,003
0o0,002
hebi,002
Iphone,002
gamza,003
0000,002
snine990,002
cat,003
nevergiveup,003
apt,003
matilda,003
ronnie_colman,003
baebulru,003
churaly,002
sissela,003
진주,003
jelly,002
jeju,003
chimchakman,003
John Doe,002
damee,003
푸짐이,003
burtsbee,002
hcseo,003
stu,003
tomato,003
minseo,003
sh,003
기니,003
nzn,003
podkeke,003
student_23,003
coolkid,003
yoon,002
int,003
DBeaver\'s Friend,003
hmm,003
dulgi,002
gu,003
daniel,003
Rezulu,002
YDHyeop,003
testcon,002
haha,003
jhoon5024,003
prof,003
jml,003
S,003
El Patrón,002
carl,002
Symonds,002
matt,002
MA,002
oui,002
